<SCENE>
    <INITIALS>
     <frustum near="0.1" far="500"/>                 
     <translation x="-1" y="1" z="0" />               
     <rotation axis="x" angle="0" />                
     <rotation axis="y" angle="0" />                
     <rotation axis="z" angle="0" />                
     <scale sx="0.25" sy="0.25" sz="0.25" />         
     <reference length="5" />
     <scenery id="scene1" />                        
 </INITIALS>

 <ANIMATIONS>
    <ANIMATION id="testeLinear" type="linear" speed="4">
        <controlpoint xx="11" yy="0" zz="10"/>
        <controlpoint xx="11" yy="0" zz="-10"/>
    </ANIMATION>
 </ANIMATIONS>

 <ILLUMINATION>
     <ambient r="0.2" g="0.2" b="0.2" a="1" />       
     <background r="0.01" g="0.6" b="0.95   " a="1" />          
 </ILLUMINATION>

 <LIGHTS>
  <LIGHT id="light0">
   <enable value="1" />
   <position x="-10" y="20" z="0" w="1" />
   <ambient r="1" g="1" b="1" a="1.0" />             
   <diffuse r="1.0" g="1.0" b="1.0" a="1.0" />        
   <specular r="1.0" g="1.0" b="1.0" a="1.0" /> 
</LIGHT>

<LIGHT id="light4">                                    
    <enable value ="1" />                             
    <position x="25" y="41" z="25" w="1" />             
    <ambient r="0.4" g="0.4" b="0.4" a="1.0" />       
    <diffuse r="1.0" g="1.0" b="1.0" a="1.0" />        
    <specular r="1.0" g="1.0" b="1.0" a="1.0" />       
</LIGHT>

<LIGHT id="light5">                                    
    <enable value ="1" />                             
    <position x="-20" y="-20" z="-20" w="1" />             
    <ambient r="0.2" g="0.2" b="0.2" a="1.0" />       
    <diffuse r="1.0" g="1.0" b="1.0" a="1.0" />        
    <specular r="1.0" g="1.0" b="1.0" a="1.0" />       
</LIGHT>

</LIGHTS>

<TEXTURES>

  <TEXTURE id="HENGE_PIECE">
     <file path="images/HENGE_PIECE.jpg" />                
     <amplif_factor s="1" t="1" />                           
 </TEXTURE>

  <TEXTURE id="BLACK_PIECE">
     <file path="images/BLACK_PIECE.jpg" />                
     <amplif_factor s="1" t="1" />                           
 </TEXTURE>

  <TEXTURE id="WHITE_PIECE">
     <file path="images/WHITE_PIECE.jpg" />                
     <amplif_factor s="1" t="1" />                           
 </TEXTURE>

 <TEXTURE id="board">
     <file path="images/board_texture.jpg" />                
     <amplif_factor s="1" t="1" />                           
 </TEXTURE>

 <TEXTURE id="replay">
     <file path="images/replay.jpg" />                
     <amplif_factor s="2" t="2" />                           
 </TEXTURE>

 <TEXTURE id="wood">
     <file path="images/table_texture.jpg" />                
     <amplif_factor s="3" t="3" />                           
 </TEXTURE>

 <TEXTURE id="green_felt">
     <file path="images/green_felt.jpg" />                
     <amplif_factor s="4" t="4" />                           
 </TEXTURE>

 <TEXTURE id="carpet">
     <file path="images/carpet_texture.jpg" />                
     <amplif_factor s="20" t="20" />                           
 </TEXTURE>

 <TEXTURE id="metal">
     <file path="images/metal_texture.jpg" />                
     <amplif_factor s="3" t="3" />                           
 </TEXTURE>
 
  <TEXTURE id="blacksWon">
     <file path="images/blacksWon.jpg" />                
     <amplif_factor s="2" t="2" />                           
 </TEXTURE>

 <TEXTURE id="whitesWon">
     <file path="images/whitesWon.jpg" />                
     <amplif_factor s="2" t="2" />                           
 </TEXTURE>

 <TEXTURE id="tie">
     <file path="images/tie.jpg" />                
     <amplif_factor s="2" t="2" />                           
 </TEXTURE>

 <TEXTURE id="invalidMove">
     <file path="images/invalidMove.jpg" />                
     <amplif_factor s="2" t="2" />                           
 </TEXTURE>

 <TEXTURE id="reset">
     <file path="images/reset.jpg" />                
     <amplif_factor s="2" t="2" />                           
 </TEXTURE>

 <TEXTURE id="undo">
     <file path="images/undo.jpg" />                
     <amplif_factor s="2" t="2" />                           
 </TEXTURE>

 <TEXTURE id="fabric">
     <file path="images/fabric_texture.jpg" />                
     <amplif_factor s="4" t="4" />                           
 </TEXTURE>

 <TEXTURE id="wall">
     <file path="images/wall_texture.jpg" />                
     <amplif_factor s="8" t="8" />                           
 </TEXTURE>

 <TEXTURE id="painting">
     <file path="images/painting_texture.jpg" />                
     <amplif_factor s="12" t="12" />                           
 </TEXTURE>

 <TEXTURE id="painting2">
     <file path="images/painting_texture2.jpg" />                
     <amplif_factor s="12" t="12" />                           
 </TEXTURE>

 <TEXTURE id="carpet2">
     <file path="images/carpet_texture2.jpg" />                
     <amplif_factor s="20" t="20" />                           
 </TEXTURE>

 <TEXTURE id="boardFull">
     <file path="images/board.jpg" />                
     <amplif_factor s="1" t="1" />                           
 </TEXTURE>

</TEXTURES>

<MATERIALS>
<MATERIAL id="normal">
    <shininess value="1" />
    <specular r="0.4" g="0.4" b="0.4" a="1" />        
    <diffuse r="0.8" g="0.8" b="0.8" a="1" />        
    <ambient r="0.08" g="0.08" b="0.08" a="1" />         
    <emission r="0.0" g="0.0" b="0.0" a="1" /> 
</MATERIAL>

<MATERIAL id="PIECE_MATERIAL">
    <shininess value="1" />
    <specular r="0.4" g="0.4" b="0.4" a="1" />        
    <diffuse r="0.8" g="0.8" b="0.8" a="1" />        
    <ambient r="0.08" g="0.08" b="0.08" a="1" />         
    <emission r="0" g="0" b="0" a="1" /> 
</MATERIAL>

<MATERIAL id="BOARD_MATERIAL">
    <shininess value="1" />
    <specular r="0" g="0" b="0" a="1" />        
    <diffuse r="1" g="1" b="1" a="1" />        
    <ambient r="0.18" g="0.18" b="0.18" a="1" />         
    <emission r="0" g="0" b="0" a="1" /> 
</MATERIAL>
 
</MATERIALS>

<NODES>
    <ROOT id="main"/>

    <NODE id="main">       
        <MATERIAL id="normal" />     
        <TEXTURE id="null" />   
        

        <DESCENDANTS>
            <NODEREF id="scene1"/>
            <NODEREF id="scene2"/>
        </DESCENDANTS>
    </NODE>

    <NODE id="scene1" sceneries="scene1">
        <MATERIAL id="normal" />     
        <TEXTURE id="null" /> 
        <TRANSLATION x="-14.5" y="0" z="-11.4"/>

        <DESCENDANTS>
            <NODEREF id="board"/>
            <NODEREF id="table1"/>
            <NODEREF id="chair11"/>
            <NODEREF id="chair12"/>
            <NODEREF id="floor"/>
            <NODEREF id="lamp"/>
            <NODEREF id="walls1"/>
            <NODEREF id="door"/>
            <NODEREF id="painting"/>
        </DESCENDANTS>
    </NODE>

    <NODE id="scene2" sceneries="scene2">
        <MATERIAL id="normal" />     
        <TEXTURE id="null" /> 
        <TRANSLATION x="-14.5" y="0" z="-11.4"/>

        <DESCENDANTS>
            <NODEREF id="board"/>
            <NODEREF id="table2"/>
            <NODEREF id="chair21"/>
            <NODEREF id="chair22"/>
            <NODEREF id="floor2"/>
            <NODEREF id="lamp"/>
            <NODEREF id="walls1"/>
            <NODEREF id="door"/>
            <NODEREF id="painting2"/>
        </DESCENDANTS>
    </NODE>


    <NODE id="painting">
        <MATERIAL id="null" />     
        <TEXTURE id="painting" />
        <TRANSLATION x="17" y="10" z="31.99"/>
        <ROTATION axis="y" angle="180"/>

        <DESCENDANTS>
            <LEAF type="rectangle" args="0 12 12 0"/>
        </DESCENDANTS>
    </NODE>

    <NODE id="painting2">
        <MATERIAL id="null" />     
        <TEXTURE id="painting2" />
        <TRANSLATION x="17" y="10" z="31.99"/>
        <ROTATION axis="y" angle="180"/>

        <DESCENDANTS>
            <LEAF type="rectangle" args="0 12 12 0"/>
        </DESCENDANTS>
    </NODE>

    <NODE id="door">
        <MATERIAL id="normal" />     
        <TEXTURE id="null" />
        <TRANSLATION x="14" y="0" z="-7.9"/> 

        <DESCENDANTS>
            <NODEREF id="doorBoard"/>
            <NODEREF id="doorKnob"/>
        </DESCENDANTS>
    </NODE>

    <NODE id="doorBoard">
        <MATERIAL id="null" />     
        <TEXTURE id="wood" /> 

        <DESCENDANTS>
            <LEAF type="rectangle" args="0 20 10 0"/>
        </DESCENDANTS>
    </NODE>

    

    <NODE id="doorKnob">
        <MATERIAL id="null" />     
        <TEXTURE id="metal" />
        <TRANSLATION x="9" y="10" z="0.5"/>  

        <DESCENDANTS>
            <LEAF type="sphere" args="0.6 20 20"/>
        </DESCENDANTS>
    </NODE>


    <NODE id="floor">
        <MATERIAL id="null"/>
        <TEXTURE id="carpet"/>
        <TRANSLATION x="-8" y="0" z="32"/>
        <ROTATION axis="x" angle="-90"/>


        <DESCENDANTS>
            <LEAF type="rectangle" args="0 40 40 0"/>
        </DESCENDANTS>
    </NODE>

    <NODE id="floor2">
        <MATERIAL id="null"/>
        <TEXTURE id="carpet2"/>
        <TRANSLATION x="-8" y="0" z="32"/>
        <ROTATION axis="x" angle="-90"/>


        <DESCENDANTS>
            <LEAF type="rectangle" args="0 40 40 0"/>
        </DESCENDANTS>
    </NODE>


    <NODE id="walls2">
        <MATERIAL id="null"/>
        <TEXTURE id="wall"/>
        <TRANSLATION x="12" y="14.9" z="12"/> -->
        <SCALE sx="-1" sy="-1" sz="-1"/>

        <DESCENDANTS>
            <LEAF type="cube" args="40 30 40"/>
        </DESCENDANTS>
    </NODE>

    <NODE id="walls1">
        <MATERIAL id="null"/>
        <TEXTURE id="wall"/>
        <TRANSLATION x="12" y="14.9" z="12"/> -->
        <SCALE sx="-1" sy="-1" sz="-1"/>

        <DESCENDANTS>
            <LEAF type="cube" args="40 30 40"/>
        </DESCENDANTS>
    </NODE>

    <NODE id="board">
        <MATERIAL id="null"/>
        <TEXTURE id="board"/>

        <TRANSLATION x="11.4" y="13.7" z="14.5"/>
        <ROTATION axis="x" angle="-90"/>

        <DESCENDANTS>
            <LEAF type="tabuleiro" args="" />
        </DESCENDANTS>

    </NODE>

    <NODE id="lamp">
        <MATERIAL id="null"/>
        <TEXTURE id="null"/>

        <DESCENDANTS>
            <NODEREF id="lampFoot"/>
            <NODEREF id="lampPole"/>
            <NODEREF id="lampShade"/>
            <NODEREF id="lampShadeReverse"/>
        </DESCENDANTS>
    </NODE>

    <NODE id="lampFoot">
        <MATERIAL id="null"/>
        <TEXTURE id="metal"/>
        <ROTATION axis="x" angle="-90"/>

        <DESCENDANTS>
            <LEAF type="cylinder" args="1 4 4 20 20 1 1"/>
        </DESCENDANTS>
    </NODE>

    <NODE id="lampPole">
        <MATERIAL id="null"/>
        <TEXTURE id="metal"/>
        <ROTATION axis="x" angle="-90"/>

        <DESCENDANTS>
            <LEAF type="cylinder" args="20 0.4 0.4 20 20 1 1"/>
        </DESCENDANTS>
    </NODE>

    <NODE id="lampShade">
        <MATERIAL id="null"/>
        <TEXTURE id="fabric"/>
        <TRANSLATION x="0" y="18" z="0"/>
        <ROTATION axis="x" angle="-90"/>

        <DESCENDANTS>
            <LEAF type="cylinder" args="5 4 2.5 20 20 0 0"/>
        </DESCENDANTS>
    </NODE>

    <NODE id="lampShadeReverse">
        <MATERIAL id="null"/>
        <TEXTURE id="fabric"/>
        <TRANSLATION x="0" y="18" z="0"/>
        <ROTATION axis="x" angle="90"/>
        <SCALE sx="-1" sy="-1" sz="-1"/>

        <DESCENDANTS>
            <LEAF type="cylinder" args="5 4 2.5 20 20 0 0"/>
        </DESCENDANTS>
    </NODE>

    <NODE id="table2">
        <MATERIAL id="null"/>
        <TEXTURE id="fabric"/>

        <DESCENDANTS>
            <NODEREF id="tableFoot2"/>
            <NODEREF id="tableTop2"/>
        </DESCENDANTS>
    </NODE>
    
    <NODE id="table1">
        <MATERIAL id="null"/>
        <TEXTURE id="wood"/>

        <TRANSLATION x="6" y="0" z="6"/>
        <SCALE sx="2" sy="2" sz="1"/>

        <DESCENDANTS>
            <NODEREF id="tableLeg1"/>
            <NODEREF id="tableLeg2"/>
            <NODEREF id="tableLeg3"/>
            <NODEREF id="tableLeg4"/>
            <NODEREF id="tableTop1" />
            <NODEREF id="tableTopGreen1" />
        </DESCENDANTS>
    </NODE>

    <NODE id="tableTop1">
        <MATERIAL id="null"/>
        <TEXTURE id="null"/>

        <TRANSLATION x="0" y="6" z="0"/>
        <SCALE sx="1.5" sy="0.15" sz="2.5"/>

        <DESCENDANTS>
            <NODEREF id="cube"/>
        </DESCENDANTS>
    </NODE>

    <NODE id="tableTop2">
        <MATERIAL id="null"/>
        <TEXTURE id="null"/>

        <TRANSLATION x="13.5" y="12" z="12"/>
        <ROTATION axis="x" angle="-90"/>
        <ROTATION axis="z" angle="-110"/>
        <!-- <SCALE sx="1.5" sy="0.15" sz="2.5"/> -->

        <DESCENDANTS>
            <LEAF type="cylinder" args="1.5 10 10 80 80 1 1"/>
        </DESCENDANTS>
    </NODE>

    <NODE id="tableFoot2">
        <MATERIAL id="null"/>
        <TEXTURE id="wood"/>
        <TRANSLATION x="13.5" y="0" z="12"/>
        <ROTATION axis="x" angle="-90"/>´


        <DESCENDANTS>
            <LEAF type="cylinder" args="2 4 1.5 20 20 1 1"/>
            <LEAF type="cylinder" args="13 1.2 2.5 20 20 1 1"/>
        </DESCENDANTS>
    </NODE>



    <NODE id="tableTopGreen1">
        <MATERIAL id="null"/>
        <TEXTURE id="green_felt"/>

        <TRANSLATION x="0.5" y="6.71" z="0.7"/>
        <SCALE sx="1.3" sy="0.01" sz="2.2"/>

        <DESCENDANTS>
            <NODEREF id="cube"/>
        </DESCENDANTS>
    </NODE>

    <NODE id="tableLeg1">
        <MATERIAL id="null"/>
        <TEXTURE id="null"/>

        <TRANSLATION x="6.5" y="0" z="0"/>

        <DESCENDANTS>
            <NODEREF id="tableLeg"/>
        </DESCENDANTS>
    </NODE>

    <NODE id="tableLeg2">
        <MATERIAL id="null"/>
        <TEXTURE id="null"/>

        <TRANSLATION x="0" y="0" z="11.5"/>

        <DESCENDANTS>
            <NODEREF id="tableLeg"/>
        </DESCENDANTS>
    </NODE>

    <NODE id="tableLeg3">
        <MATERIAL id="null"/>
        <TEXTURE id="null"/>

        <TRANSLATION x="6.5" y="0" z="11.5"/>

        <DESCENDANTS>
            <NODEREF id="tableLeg"/>
        </DESCENDANTS>
    </NODE>

    <NODE id="tableLeg4">
        <MATERIAL id="null"/>
        <TEXTURE id="null"/>

        <DESCENDANTS>
            <NODEREF id="tableLeg"/>
        </DESCENDANTS>
    </NODE>


    <NODE id="tableLeg">
        <MATERIAL id="null"/>
        <TEXTURE id="null"/>

        <SCALE sx="0.2" sy="1.2" sz="0.2"/>

        <DESCENDANTS>
            <NODEREF id="cube"/>
        </DESCENDANTS>
    </NODE>

 <NODE id="cube">       
        <MATERIAL id="null" />     
        <TEXTURE id="null" />                   
        
        <DESCENDANTS>
            <NODEREF id="cubeFace1" />
            <NODEREF id="cubeFace2" />
            <NODEREF id="cubeFace3" />
            <NODEREF id="cubeFace4" />
            <NODEREF id="cubeFace5" />
            <NODEREF id="cubeFace6" />      
        </DESCENDANTS>
    </NODE>

    <NODE id="cubeFace1">       
        <MATERIAL id="null" />     
        <TEXTURE id="null" />                   

        <ROTATION axis="y" angle="-90"/>

        <DESCENDANTS>
            <LEAF  type="rectangle" args="0 5 5 0" />        
        </DESCENDANTS>

    </NODE>

    <NODE id="cubeFace2">      
        <MATERIAL id="null" />     
        <TEXTURE id="null" />                   

        <ROTATION axis="x" angle="90"/>

        <DESCENDANTS>
            <LEAF  type="rectangle" args="0 5 5 0" />        
        </DESCENDANTS>

    </NODE>

    <NODE id="cubeFace3">       
        <MATERIAL id="null" />     
        <TEXTURE id="null" />                   

        <TRANSLATION x="0" y="0" z="5"/>

        <DESCENDANTS>
            <LEAF  type="rectangle" args="0 5 5 0" />        
        </DESCENDANTS>

    </NODE>

    <NODE id="cubeFace4">       
        <MATERIAL id="null" />    
        <TEXTURE id="null" />                   

        <ROTATION axis="y" angle="180"/>
        <TRANSLATION x="-5" y="0" z="0"/>

        <DESCENDANTS>
            <LEAF  type="rectangle" args="0 5 5 0" />        
        </DESCENDANTS>

    </NODE>

    <NODE id="cubeFace5">       
        <MATERIAL id="null" />    
        <TEXTURE id="null" />                   

        <ROTATION axis="y" angle="90"/>
        <TRANSLATION x="-5" y="0" z="5"/>

        <DESCENDANTS>
            <LEAF  type="rectangle" args="0 5 5 0" />        
        </DESCENDANTS>

    </NODE>

    <NODE id="cubeFace6">       
        <MATERIAL id="null" />     
        <TEXTURE id="null" />                   

        <ROTATION axis="x" angle="-90"/>
        <TRANSLATION x="0" y="-5" z="5"/>

        <DESCENDANTS>
            <LEAF  type="rectangle" args="0 5 5 0" />        
        </DESCENDANTS>
    </NODE>

    <NODE id="chair21">
        <MATERIAL id="null"/>
        <TEXTURE id="wood"/>
        <TRANSLATION x="10" y="0" z="2"/>

        <DESCENDANTS>
            <NODEREF id="chair2"/>
        </DESCENDANTS>
    </NODE>

    <NODE id="chair22">
        <MATERIAL id="null"/>
        <TEXTURE id="wood"/>
        <TRANSLATION x="16.5" y="0" z="22"/>
        <ROTATION axis="y" angle="180"/>

        <DESCENDANTS>
            <NODEREF id="chair2"/>
        </DESCENDANTS>
    </NODE>

    <NODE id="chair2">
        <MATERIAL id="null"/>
        <TEXTURE id="wood"/>

        <DESCENDANTS>
            <NODEREF id="chairLeg21"/>
            <NODEREF id="chairLeg22"/>
            <NODEREF id="chairLeg23"/>
            <NODEREF id="chairLeg24"/>
            <NODEREF id="chairSeat2" />
            <NODEREF id="chairBack2"/>
        </DESCENDANTS>
    </NODE>

        <NODE id="chairLeg21">
        <MATERIAL id="null"/>
        <TEXTURE id="null"/>
        <TRANSLATION x="0" y="0" z="-2"/>
        <SCALE sx="0.60" sy="1.4" sz="0.60"/>
        <ROTATION axis="x" angle="10"/>

        <DESCENDANTS>
            <NODEREF id="chairLeg"/>
        </DESCENDANTS>
    </NODE>

    <NODE id="chairLeg22">
        <MATERIAL id="null"/>
        <TEXTURE id="null"/>
        <TRANSLATION x="4.2" y="0" z="-2"/>
        <SCALE sx="0.80" sy="1.4" sz="0.80"/>
        <ROTATION axis="x" angle="10"/>

        <DESCENDANTS>
            <NODEREF id="chairLeg"/>
        </DESCENDANTS>
    </NODE>

    <NODE id="chairLeg23">
        <MATERIAL id="null"/>
        <TEXTURE id="null"/>
        <TRANSLATION x="0" y="0" z="4.2"/>
        <SCALE sx="0.80" sy="1.4" sz="0.80"/>
        <ROTATION axis="x" angle="-10"/>

        <DESCENDANTS>
            <NODEREF id="chairLeg"/>
        </DESCENDANTS>
    </NODE>

    <NODE id="chairLeg24">
        <MATERIAL id="null"/>
        <TEXTURE id="null"/>
        <TRANSLATION x="4.2" y="0" z="4.2"/>
        <SCALE sx="0.80" sy="1.4" sz="0.80"/>
        <ROTATION axis="x" angle="-10"/>

        <DESCENDANTS>
            <NODEREF id="chairLeg"/>
        </DESCENDANTS>
    </NODE>

    <NODE id="chairBack2">
        <MATERIAL id="null"/>
        <TEXTURE id="null"/>
        <TRANSLATION x="0" y="8" z="0.1"/>
        <ROTATION axis="x" angle="-10"/>

        <DESCENDANTS>
            <NODEREF id="rightSupport"/>
            <NODEREF id="leftSupport"/>
            <NODEREF id="back"/>
        </DESCENDANTS>
    </NODE>

    <NODE id="rightSupport">
        <MATERIAL id="null"/>
        <TEXTURE id="null"/>
        <TRANSLATION x="0" y="0" z="-1.5"/>
        <SCALE sx="0.15" sy="1.2" sz="0.15"/>

        <DESCENDANTS>
            <NODEREF id="cube"/>
        </DESCENDANTS>
    </NODE>

    <NODE id="leftSupport">
        <MATERIAL id="null"/>
        <TEXTURE id="null"/>
        <TRANSLATION x="4.2" y="0" z="-1.5"/>
        <SCALE sx="0.15" sy="1.2" sz="0.15"/>

        <DESCENDANTS>
            <NODEREF id="cube"/>
        </DESCENDANTS>
    </NODE>

    <NODE id="back">
        <MATERIAL id="null"/>
        <TEXTURE id="null"/>
        <TRANSLATION x="0" y="3.5" z="-1.5"/>
        <SCALE sx="1" sy="0.5" sz="0.15"/>

        <DESCENDANTS>
            <NODEREF id="cube"/>
        </DESCENDANTS>
    </NODE>

    <NODE id="chairSeat2">
        <MATERIAL id="null"/>
        <TEXTURE id="null"/>
        <TRANSLATION x="-0.5" y="8" z="-1.5"/>
        <SCALE sx="1.2" sy="0.15" sz="1.2"/>

        <DESCENDANTS>
            <NODEREF id="cube"/>
        </DESCENDANTS>
    </NODE>

    <NODE id="chair11">
        <MATERIAL id="null"/>
        <TEXTURE id="wood"/>
        <TRANSLATION x="10" y="0" z="2"/>

        <DESCENDANTS>
            <NODEREF id="chair1"/>
        </DESCENDANTS>
    </NODE>

    <NODE id="chair12">
        <MATERIAL id="null"/>
        <TEXTURE id="wood"/>
        <TRANSLATION x="16.5" y="0" z="22"/>
        <ROTATION axis="y" angle="180"/>

        <DESCENDANTS>
            <NODEREF id="chair1"/>
        </DESCENDANTS>
    </NODE>

    <NODE id="chair1">
        <MATERIAL id="null"/>
        <TEXTURE id="null"/>
        <SCALE sx="1.3" sy="1.3" sz="1.3"/>

        <DESCENDANTS>
            <NODEREF id="chairLeg1"/>
            <NODEREF id="chairLeg2"/>
            <NODEREF id="chairLeg3"/>
            <NODEREF id="chairLeg4"/>
            <NODEREF id="chairSeat" />
            <NODEREF id="chairBack"/>
        </DESCENDANTS>
    </NODE>

    <NODE id="chairBack">
        <MATERIAL id="null"/>
        <TEXTURE id="null"/>
        <TRANSLATION x="0" y="5" z="0"/>
        <SCALE sx="1" sy="1.3" sz="0.2"/>

        <DESCENDANTS>
            <NODEREF id="cube"/>
        </DESCENDANTS>
    </NODE>

    <NODE id="chairSeat">
        <MATERIAL id="null"/>
        <TEXTURE id="null"/>
        <TRANSLATION x="0" y="5" z="0"/>
        <SCALE sx="1" sy="0.2" sz="1"/>

        <DESCENDANTS>
            <NODEREF id="cube"/>
        </DESCENDANTS>
    </NODE>

    <NODE id="chairLeg1">
        <MATERIAL id="null"/>
        <TEXTURE id="null"/>

        <DESCENDANTS>
            <NODEREF id="chairLeg"/>
        </DESCENDANTS>
    </NODE>

    <NODE id="chairLeg2">
        <MATERIAL id="null"/>
        <TEXTURE id="null"/>
        <TRANSLATION x="4.2" y="0" z="0"/>

        <DESCENDANTS>
            <NODEREF id="chairLeg"/>
        </DESCENDANTS>
    </NODE>

    <NODE id="chairLeg3">
        <MATERIAL id="null"/>
        <TEXTURE id="null"/>
        <TRANSLATION x="0" y="0" z="4.2"/>

        <DESCENDANTS>
            <NODEREF id="chairLeg"/>
        </DESCENDANTS>
    </NODE>

    <NODE id="chairLeg4">
        <MATERIAL id="null"/>
        <TEXTURE id="null"/>
        <TRANSLATION x="4.2" y="0" z="4.2"/>

        <DESCENDANTS>
            <NODEREF id="chairLeg"/>
        </DESCENDANTS>
    </NODE>

    <NODE id="chairLeg">
        <MATERIAL id="null"/>
        <TEXTURE id="null"/>

        <SCALE sx="0.15" sy="1.2" sz="0.15"/>

        <DESCENDANTS>
            <NODEREF id="cube"/>
        </DESCENDANTS>
    </NODE>
    
</NODES>
</SCENE>
